Time:,Body1,x,y,phi(r),phi(d),dx/dt,dy/dt,dphi/dt(r),dphi/dt(d),d2x/dt2,d2y/dt2,d2phi/dt2(r),d2phi/dt2(d),Point1,x,y,dx/dt,dy/dt,Point2,x,y,dx/dt,dy/dt,Lam1,x,y,Kin1,-,Pot1,-,TotKin,TotPot,Total
Time:,Link002,-,-,-,-,-,-,-,-,-,-,-,-,Link001-{PointO},-,-,-,-,Link001-{PointA},-,-,-,-,Link002,-,-,Link002,-,Link002,-,,,
0.01,L,0.04999881,-0.00034505,0.006901045,0.395400736,-0.00047624,-0.06900885,1.380209812,79.08019707,-0.14286985,-6.90009596,138.0183519,7907.869061,L,2.13E-17,-2.41E-17,1.29E-14,1.57E-13,L,0.09999762,-0.0006901,-0.00095248,-0.13801769,L,0.012327266,0.25107579,L,0.000292064,L,-0.000292063,0.000292064,-0.000292063,1.11E-09
0.02,i,0.04998095,-0.00138,0.0276036,1.581569798,-0.00380912,-0.13795855,2.76022244,158.1490963,-0.57119423,-6.8853109,137.9690585,7905.044753,i,-2.84E-16,-5.42E-15,1.73E-14,5.33E-14,i,0.0999619,-0.00276001,-0.00761824,-0.27591709,i,0.049284458,0.252351491,i,0.00116809,i,-0.001168089,0.00116809,-0.001168089,1.11E-09
0.03,n,0.04990362,-0.00310309,0.062101726,3.558166807,-0.01284386,-0.20655368,4.139052366,237.1502318,-1.28240455,-6.82133985,137.7555752,7892.813065,n,-5.54E-15,-2.57E-14,-5.00E-13,-6.12E-13,n,0.09980723,-0.00620618,-0.02568771,-0.41310735,n,0.110649949,0.257871117,n,0.002626575,n,-0.002626574,0.002626575,-0.002626574,1.11E-09
0.04,k,0.04969576,-0.00550742,0.110372438,6.323874896,-0.03036871,-0.27402943,5.514141348,315.9370269,-2.26655533,-6.64989587,137.1817966,7859.937973,k,-7.00E-15,-2.74E-14,2.68E-15,-1.06E-14,k,0.09939151,-0.01101485,-0.06073743,-0.54805886,k,0.195565614,0.27266385,k,0.004661694,k,-0.004661693,0.004661694,-0.004661693,1.11E-09
0.05,'0',0.04925917,-0.0085752,0.172356097,9.875276954,-0.05900245,-0.33893222,6.880591288,394.2288414,-3.49808098,-6.29212434,135.9766301,7790.887016,'0',-3.89E-14,-5.81E-14,-2.05E-12,-1.63E-13,'0',0.09851834,-0.0171504,-0.1180049,-0.67786445,'0',0.301825569,0.303533518,'0',0.007258377,'0',-0.007258376,0.007258377,-0.007258376,1.11E-09
0.06,'0',0.04847113,-0.01226986,0.247929357,14.20530579,-0.1009864,-0.39893904,8.23044611,471.5698256,-4.92516917,-5.65433723,133.8012997,7666.249767,'0',-1.42E-13,-1.36E-13,-4.51E-12,1.27E-12,'0',0.09694226,-0.02453972,-0.20197281,-0.79787807,'0',0.424959284,0.358563821,'0',0.010385676,'0',-0.010385675,0.010385676,-0.010385675,1.11E-09
0.07,'2',0.04718967,-0.0165268,0.336871409,19.30130999,-0.15786531,-0.45075952,9.552080398,547.2938924,-6.45853658,-4.63916881,130.2639107,7463.572308,'1',3.11E-14,2.41E-15,4.69E-13,-2.30E-13,'1',0.09437934,-0.0330536,-0.31573062,-0.90151904,'2',0.557263109,0.446155786,'2',0.013988912,'2',-0.013988911,0.013988912,-0.013988911,1.11E-09
0.08,-,0.04526258,-0.0212438,0.438824997,25.14282028,-0.23006578,-0.49018386,10.82978274,620.5008441,-7.96287696,-3.1637383,124.9442979,7158.780942,-,2.69E-13,-5.70E-14,6.10E-12,-1.16E-11,-,0.09052515,-0.04248761,-0.46013157,-0.98036773,-,0.687062388,0.57346063,-,0.017981565,-,-0.017981564,0.017981565,-0.017981564,1.11E-09
0.09,-,0.04254094,-0.02627296,0.553254713,31.69916008,-0.3164223,-0.51234816,12.04364898,690.0502567,-9.25581187,-1.18476344,117.4314066,6728.323979,{,3.76E-14,-1.83E-14,2.09E-13,3.58E-14,{,0.08508188,-0.05254592,-0.63284459,-1.02469631,-,0.798620931,0.744212884,-,0.022238433,-,-0.022238432,0.022238433,-0.022238432,1.11E-09
0.1,-,0.03889729,-0.03141656,0.679406312,38.92711423,-0.41375344,-0.51227402,13.1699139,754.5804829,-10.11990694,1.27256375,107.3733663,6152.040719,P,1.30E-13,-1.20E-13,-2.05E-12,-5.66E-12,P,0.07779459,-0.06283313,-0.82750688,-1.02454804,-,0.873177806,0.956238902,-,0.026592176,-,-0.026592175,0.026592176,-0.026592175,1.11E-09
0.11,-,0.03424711,-0.03642987,0.816272017,46.76894151,-0.51664242,-0.48568682,14.18183464,812.5592708,-10.33189518,4.0893241,94.53683914,5416.561891,o,-4.54E-14,4.59E-14,1.80E-13,9.82E-13,o,0.06849422,-0.07285974,-1.03328485,-0.97137364,-,0.891468826,1.199277957,-,0.030835631,-,-0.03083563,0.030835631,-0.03083563,1.11E-09
0.12,-,0.02857073,-0.04103307,0.962567704,55.15106692,-0.6175963,-0.43002331,15.05118254,862.3692362,-9.70853901,7.04224987,78.86758715,4518.779884,i,2.22E-14,-2.88E-14,1.15E-13,2.04E-13,i,0.05714147,-0.08206615,-1.2351926,-0.86004663,-,0.837683671,1.454065798,-,0.034731957,-,-0.034731956,0.034731957,-0.034731956,1.11E-09
0.13,-,0.02193127,-0.0449335,1.116727888,63.98379484,-0.70771595,-0.34542395,15.75029605,902.4254899,-8.16079406,9.81902144,60.53978788,3468.674338,n,2.50E-14,8.98E-14,1.30E-12,3.87E-13,n,0.04386253,-0.089867,-1.41543189,-0.69084789,-,0.704139306,1.693654494,-,0.038033426,-,-0.038033425,0.038033426,-0.038033425,1.11E-09
0.14,-,0.01448307,-0.04785646,1.276923346,73.16231847,-0.7778833,-0.23541515,16.25450981,931.3148103,-5.73983669,12.06508554,39.97953161,2290.658428,t,7.06E-14,7.13E-14,2.51E-12,-1.48E-12,t,0.02896613,-0.09571292,-1.5557666,-0.4708303,-,0.495251393,1.88745206,-,0.04050753,-,-0.040507529,0.04050753,-0.040507529,1.11E-09
0.15,-,0.00646647,-0.04958008,1.441103604,82.56915438,-0.82028445,-0.10698544,16.54463613,947.9378238,-2.65505264,13.45587951,17.85026283,1022.744723,O,1.24E-14,-8.46E-16,4.12E-13,-3.43E-14,A,0.01293295,-0.09916017,-1.6405689,-0.21397087,-,0.229086399,2.007454193,-,0.041966471,-,-0.04196647,0.041966471,-0.04196647,1.11E-09
0.16,-,-0.00181293,-0.04996712,1.607062807,92.07791625,-0.82990828,0.03011105,16.60908698,951.6305853,0.75017568,13.77494605,0.004461825,86.73454132,},1.13E-14,4.48E-16,3.55E-13,1.57E-13,},-0.00362585,-0.09993424,-1.65981656,0.06022211,-,0.064727547,2.03498427,-,0.042294074,-,-0.042294073,0.042294074,-0.042294073,1.11E-09
0.17,-,-0.01001808,-0.0489861,1.772523282,101.5581031,-0.80558784,0.16474963,16.4452329,942.2424384,4.06401901,12.97103744,7.654231449,584.4707477,-,-2.77E-14,3.29E-14,2.13E-12,2.77E-12,-,-0.02003616,-0.0979722,-1.61117569,0.32949926,-,0.350656505,1.965620475,-,0.041463701,-,-0.0414637,0.041463701,-0.0414637,1.11E-09
0.18,-,-0.0178209,-0.04671633,1.935227645,110.8803764,-0.75025115,0.28619867,16.0597193,920.154136,6.89440528,11.17215214,9.19339875,818.5741283,-,-3.89E-14,1.13E-13,6.59E-12,3.56E-12,-,-0.0356418,-0.09343266,-1.50050229,0.57239733,-,0.594871249,1.810406921,-,0.03954248,-,-0.039542479,0.03954248,-0.039542479,1.11E-09
0.19,-,-0.0249408,-0.0433354,2.093028467,119.9216976,-0.67029772,0.38577613,15.46767273,886.2323662,8.95058821,8.65083649,8.847400618,944.6654859,-,1.20E-14,2.14E-13,1.07E-11,2.41E-13,-,-0.0498816,-0.08667079,-1.34059543,0.77155225,-,0.772285261,1.592859776,-,0.036680729,-,-0.036680728,0.036680729,-0.036680728,1.11E-09
0.2,-,-0.03117333,-0.0390925,2.243965068,128.5697278,-0.57430653,0.45796628,14.69096459,841.7302681,10.09194955,5.75459319,6.051880779,930.4095878,-,-1.30E-14,-1.80E-13,-5.23E-12,3.92E-12,-,-0.06234666,-0.078185,-1.14861305,0.91593256,-,0.870765553,1.342962678,-,0.03308938,-,-0.033089379,0.03308938,-0.033089379,1.11E-09
0.21,-,-0.03640422,-0.03427437,2.386319627,136.7260432,-0.47147416,0.50077207,13.75587939,788.1538326,10.33284015,2.82723038,0.491403756,757.7333126,-,1.72E-13,1.73E-13,5.65E-12,-6.87E-12,-,-0.07280844,-0.06854875,-0.94294831,1.00154414,-,0.891550361,1.090380491,-,0.029011135,-,-0.029011134,0.029011135,-0.029011134,1.11E-09
0.22,-,-0.04060822,-0.02917143,2.518648755,144.3079437,-0.37020322,0.51534305,12.69060889,727.118329,9.81002555,0.14607435,12.09626451,422.6428554,-,-8.75E-14,-5.31E-14,7.42E-13,4.57E-12,-,-0.08121644,-0.05834286,-0.74040644,1.03068611,-,0.846440252,0.859041808,-,0.02469181,-,-0.024691809,0.02469181,-0.024691809,1.11E-09
0.23,-,-0.04383586,-0.0240503,2.639790781,151.2488705,-0.27713056,0.50511869,11.52295509,660.2166943,8.73068979,-2.11103757,21.00595464,933.1304971,-,-1.49E-13,-1.30E-14,3.10E-12,6.96E-12,-,-0.08767173,-0.04810061,-0.55426111,1.01023738,-,0.753311725,0.664291002,-,0.020357092,-,-0.020357091,0.020357092,-0.020357091,1.11E-09
0.24,-,-0.04619319,-0.01913608,2.748852269,157.4976335,-0.19669035,0.47479704,10.27850813,588.9151353,7.32030769,-3.86855697,27.51318522,305.9673452,-,1.28E-13,5.11E-14,-2.58E-12,-5.08E-12,-,-0.09238637,-0.03827216,-0.3933807,0.94959408,-,0.631619465,0.51264663,-,0.016197507,-,-0.016197506,0.016197507,-0.016197506,1.11E-09
0.25,-,-0.04781951,-0.01460459,2.84517927,163.0167641,-0.13114081,0.42939156,8.979421432,514.4829505,5.78353149,-5.1347291,32.0025507,563.1890402,-,-2.04E-13,1.75E-13,9.01E-12,4.36E-12,-,-0.09563903,-0.02920919,-0.26228162,0.85878312,-,0.499021519,0.403397265,-,0.012361885,-,-0.012361884,0.012361885,-0.012361884,1.11E-09
0.26,-,-0.04886717,-0.01058301,2.928319322,167.7803382,-0.08089421,0.37352989,7.643780587,437.9563672,4.28277065,-5.97357563,34.89452612,728.8870262,-,1.35E-13,-3.19E-14,-1.43E-12,-2.92E-13,-,-0.09773433,-0.02116602,-0.16178841,0.74705979,-,0.369531094,0.331018915,-,0.008957863,-,-0.008957862,0.008957863,-0.008957862,1.11E-09
0.27,-,-0.04948527,-0.00715599,2.997979785,171.7715887,-0.0449788,0.31103861,6.285478721,360.1314029,2.93253963,-6.47701205,36.60075872,826.6469531,-,9.66E-14,5.98E-15,1.05E-12,-2.38E-14,-,-0.09897054,-0.01431197,-0.08995759,0.62207721,-,0.253028861,0.287580817,-,0.0060571,-,-0.006057099,0.0060571,-0.006057099,1.11E-09
0.28,-,-0.04980825,-0.00437469,3.053986936,174.9805621,-0.02149928,0.24478137,4.914474082,281.5786234,1.80445738,-6.74259549,37.49233556,877.7305433,-,1.17E-13,-2.16E-14,-4.26E-13,1.01E-12,-,-0.09961651,-0.00874937,-0.04299855,0.48956274,-,0.15569433,0.264665432,-,0.003702901,-,-0.0037029,0.003702901,-0.0037029,1.11E-09
0.29,-,-0.04994861,-0.0022664,3.096249024,177.4020014,-0.00801696,0.17668343,3.537304442,202.6726154,0.93747445,-6.85854427,37.87977349,899.9291011,-,1.16E-13,-3.78E-15,7.13E-13,3.88E-13,-,-0.09989722,-0.00453281,-0.01603393,0.35336686,-,0.080888282,0.254661001,-,0.001918372,-,-0.001918371,0.001918372,-0.001918371,1.11E-09
0.3,-,-0.04999289,-0.00084333,3.124725312,179.0335725,-0.00181969,0.10787236,2.157754075,123.6302017,0.34914284,-6.89519226,38.0020049,906.9324453,-,1.23E-13,8.37E-15,9.08E-13,1.15E-13,-,-0.09998577,-0.00168665,-0.00363938,0.21574471,-,0.030125157,0.251498897,-,0.000713825,-,-0.000713824,0.000713825,-0.000713824,1.11E-09
0.31,-,-0.04999988,-0.00010952,3.139402225,179.8744977,-8.52E-05,3.89E-02,0.777598708,44.55312412,0.04534919,-6.90098259,38.0213074,908.038397,-,1.33E-13,6.74E-15,9.44E-13,-2.17E-13,-,-0.09999976,-0.00021904,-0.00017033,0.07775968,-,0.003912873,0.250999288,-,2.70E-01,-,-9.27E-05,9.27E-05,-9.27E-05,1.11E-09
0.32,-,-5.00E-02,-6.58E-05,3.140277134,179.9246263,3.96E-05,-3.01E-02,0.6026172,4.527422214,0.02723586,-6.9010461,38.02151908,908.0505255,-,1.42E-13,4.39E-15,9.40E-13,-1.18E-13,-,-0.09999991,-0.00013155,7.93E-05,-6.03E-02,-,0.002349996,0.250993809,-,5.68E-01,-,-5.57E-05,5.57E-05,-5.57E-05,1.11E-09
0.33,-,-0.04999493,-0.00071211,3.127349975,179.1839546,0.00141197,-0.09912962,0.982793467,13.6056973,0.29483016,-6.89688247,38.00763964,907.2552918,-,1.51E-13,3.97E-15,9.09E-13,1.49E-13,-,-0.09998986,-0.00142422,0.00282393,-0.19825924,-,0.025438885,0.25135306,-,0.000602758,-,-0.000602757,0.000602758,-0.000602757,1.11E-09
0.34,-,-0.04995804,-0.00204792,3.100622753,177.6525976,0.00688611,-0.1679832,0.362485592,92.65623308,0.84726144,-6.86635027,37.90581779,901.4213298,-,1.59E-13,1.30E-14,7.43E-13,3.45E-13,-,-0.09991609,-0.00409584,0.01377222,-0.3359664,-,0.073104416,0.253987475,-,0.00173344,-,-0.001733439,0.00173344,-0.001733439,1.11E-09
0.35,-,-0.04983409,-0.00406978,3.060106919,175.3312113,0.01929123,-0.23621945,0.740117316,71.58871661,1.67956168,-6.76391789,37.56366534,881.8174385,-,1.63E-13,2.21E-14,3.35E-13,4.66E-13,-,-0.09966819,-0.00813956,0.03858246,-0.4724389,-,0.144917932,0.262825667,-,0.003444817,-,-0.003444816,0.003444817,-0.003444816,1.11E-09
0.36,-,-0.04953998,-0.00676687,3.005838602,172.2218658,0.04136049,-0.30279832,0.112201246,50.20333495,2.77614618,-6.52187649,36.75177892,835.2997728,-,2.12E-13,-6.49E-14,2.53E-12,-5.22E-13,-,-0.09907996,-0.01353375,0.08272098,-0.60559663,-,0.239534736,0.28370977,-,0.00572774,-,-0.005727739,0.00572774,-0.005727739,1.11E-09
0.37,-,-0.04896633,-0.01011428,2.937901512,168.3293572,0.07557982,-0.3659052,0.472587834,28.14774492,4.1013879,-6.05391669,35.16826009,744.5708272,-,2.75E-13,-1.01E-13,4.61E-12,2.62E-13,-,-0.09793266,-0.02022855,0.15115964,-0.73181039,-,0.353880813,0.324086833,-,0.00856111,-,-0.008561109,0.00856111,-0.008561109,1.11E-09
0.38,-,-0.04798118,-0.01406438,2.856457042,163.6629329,0.12393229,-0.42279981,0.81178502,4.878091601,5.58843132,-5.26298495,32.44881,588.7578146,-,3.14E-14,4.37E-14,-7.61E-12,-4.67E-12,-,-0.09596235,-0.02812876,0.24786458,-0.84559961,-,0.482187655,0.392330942,-,0.011904627,-,-0.011904626,0.011904627,-0.011904626,1.11E-09
0.39,-,-0.04643672,-0.0185373,2.761780552,158.2383696,0.18753108,-0.46977329,0.116419291,79.62812916,7.12863514,-4.05536739,28.18543184,344.4842393,-,4.23E-13,-1.10E-13,3.81E-12,2.44E-12,-,-0.09287343,-0.0370746,0.37506217,-0.93954657,-,0.615081347,0.496528032,-,0.015690676,-,-0.015690675,0.015690676,-0.015690675,1.11E-09
0.4,-,-0.04418023,-0.02341168,2.654301909,152.0802969,0.26616602,-0.50228237,1.368938907,51.39221692,8.56562625,-2.36204425,21.95656361,987.5963787,-,1.84E-13,-9.56E-15,7.60E-13,1.55E-13,-,-0.08836047,-0.04682337,0.53233203,-1.00456474,-,0.739069517,0.642633346,-,0.019816542,-,-0.019816541,0.019816542,-0.019816541,1.11E-09
0.41,-,-0.0410697,-0.02851805,2.534647291,145.2245923,0.35783549,-0.51532963,2.547682833,18.929269,9.69928894,-0.16607274,13.37015862,495.6316118,-,2.31E-13,1.16E-15,6.79E-13,1.67E-12,-,-0.08213941,-0.05703611,0.71567097,-1.03065926,-,0.836885545,0.832108763,-,0.024138766,-,-0.024138765,0.024138766,-0.024138765,1.11E-09
0.42,-,-0.03699365,-0.03363733,2.403677928,137.7206006,0.45839071,-0.50412883,3.627441654,80.79489232,10.3049791,2.46895692,2.118487515,850.9583449,-,1.06E-13,-1.59E-13,4.99E-12,-6.48E-12,-,-0.0739873,-0.06727465,0.91678142,-1.00825765,-,0.889146421,1.059467515,-,0.028471914,-,-0.028471913,0.028471914,-0.028471913,1.11E-09
0.43,-,-0.03189329,-0.03850737,2.262520364,129.6328679,0.56146078,-0.46502352,4.580604743,35.40711449,10.17048616,5.37857455,8.039295631,44.28007097,-,3.10E-13,1.57E-13,-3.18E-12,3.35E-12,-,-0.06378659,-0.07701475,1.12292156,-0.93004705,-,0.877541942,1.310518592,-,0.032594107,-,-0.032594105,0.032594107,-0.032594105,1.11E-09
0.44,-,-0.02578335,-0.04283946,2.112582198,121.0420438,0.65882417,-0.39651978,5.378910474,81.14666366,9.14706311,8.29691479,1.173194354,77.92365094,-,2.49E-13,-1.25E-13,5.75E-12,-1.14E-15,-,-0.05156669,-0.08567891,1.31764834,-0.79303955,-,0.789237742,1.562322284,-,0.036260947,-,-0.036260946,0.036260947,-0.036260946,1.11E-09
0.45,-,-0.01876643,-0.04634459,1.955547683,112.0446288,0.74131391,-0.30018215,5.995694825,16.48580384,7.20243309,10.88566442,1.803479673,968.1207494,-,1.93E-13,1.22E-13,-4.26E-12,-1.75E-12,-,-0.03753287,-0.09268918,1.48262781,-0.60036431,-,0.621448869,1.785687849,-,0.039227825,-,-0.039227824,0.039227825,-0.039227824,1.11E-09
0.46,-,-0.01103602,-0.04876686,1.793349325,102.7513475,0.8001856,-0.1810833,6.408390072,40.13149971,4.45692808,12.79355417,0.464187633,745.4693777,-,3.19E-13,-3.93E-14,3.11E-12,3.49E-12,-,-0.02207204,-0.09753371,1.60037121,-0.3621666,-,0.384557951,1.950306653,-,0.041278124,-,-0.041278123,0.041278124,-0.041278123,1.11E-09
0.47,-,-0.00286435,-0.04991789,1.62811476,93.28410434,0.82868196,-0.04755084,6.600902136,51.1616285,1.1840802,13.73422017,0.906852934,53.02930237,-,2.68E-13,1.85E-15,6.30E-13,3.04E-13,-,-0.00572871,-0.09983577,1.65736393,-0.09510168,-,0.102166212,2.031470312,-,0.0422524,-,-0.042252399,0.0422524,-0.042252399,1.11E-09
0.48,-,0.00542451,-0.04970488,1.462092223,83.77171364,0.82338336,0.08985937,6.565444323,49.13004548,-2.23284064,13.5584847,14.97398758,857.9462906,-,2.82E-13,3.77E-15,5.15E-13,2.98E-13,-,0.01084901,-0.09940975,1.64676672,0.17971875,-,0.192656602,2.016307296,-,0.0420721,-,-0.042072098,0.0420721,-0.042072098,1.11E-09
0.49,-,0.01349236,-0.04814516,1.297561969,74.34482449,0.78493286,0.21997222,6.303464318,34.11969688,-5.37946388,12.29460519,37.24475488,2133.967264,-,2.86E-13,1.09E-14,4.06E-13,2.89E-13,-,0.02698472,-0.09629032,1.56986572,0.43994445,-,0.464157279,1.907255746,-,0.040751894,-,-0.040751893,0.040751894,-0.040751893,1.11E-09
0.5,-,0.02102755,-0.04536345,1.136743865,65.13062584,0.71789786,0.3327708,5.825469911,6.732634696,-7.89938124,10.14052447,58.04512685,3325.74079,-,2.78E-13,-1.14E-14,-1.25E-12,1.17E-12,-,0.04205509,-0.09072689,1.43579573,0.66554159,-,0.681583775,1.7213948,-,0.038397349,-,-0.038397347,0.038397349,-0.038397347,1.11E-09
0.51,-,0.02777999,-0.04157249,0.981712168,56.24796392,0.62981457,0.42086101,5.149790551,68.01905909,-9.56393424,7.41125612,76.68479199,4393.714934,-,2.67E-13,2.01E-13,-8.11E-12,-1.68E-12,-,0.05555998,-0.08314499,1.25962914,0.84172203,-,0.82520671,1.485904833,-,0.035188541,-,-0.03518854,0.035188541,-0.03518854,1.11E-09
0.52,-,0.03358382,-0.03704223,0.834327022,47.80341708,0.52972361,0.48026647,4.300531243,19.36008503,-10.30209841,4.46191144,92.70587825,5311.65556,-,3.75E-13,-1.64E-13,4.59E-12,4.71E-12,-,0.06716764,-0.07408447,1.05944721,0.96053294,-,0.888897867,1.231425979,-,0.031353956,-,-0.031353955,0.031353956,-0.031353955,1.11E-09
0.53,-,0.03836459,-0.0320649,0.696188831,39.88868174,0.42662716,0.51044523,3.305112881,62.326814,-10.18729704,1.61340179,105.9028783,6067.787963,-,1.81E-13,1.09E-13,-1.78E-12,-4.70E-12,-,0.07672918,-0.06412981,0.85325432,1.02089047,-,0.878992438,0.985647493,-,0.027140956,-,-0.027140954,0.027140956,-0.027140954,1.11E-09
0.54,-,0.04213231,-0.02692338,0.568617545,32.5793855,0.32824492,0.51366937,2.191816113,98.53960786,-9.39384357,-0.89822938,116.3034075,6663.69439,-,2.33E-13,6.42E-14,-1.36E-13,-4.87E-12,-,0.08426462,-0.05384676,0.65648985,1.02733874,-,0.810530745,0.768935956,-,0.022788976,-,-0.022788975,0.022788976,-0.022788975,1.11E-09
0.55,-,0.04496445,-0.02186774,0.452655026,25.93522259,0.2402754,0.49405447,0.987667377,29.54696737,-8.14275906,-2.94098269,124.121353,7111.629675,-,1.55E-13,5.53E-14,3.39E-12,-7.53E-12,-,0.08992891,-0.04373547,0.48055081,0.98810893,-,0.702583189,0.592680694,-,0.018509684,-,-0.018509683,0.018509684,-0.018509683,1.11E-09
0.56,-,0.04698429,-0.01710195,0.34908593,20.00115046,0.16617744,0.45654025,0.716870736,56.73568322,-6.65421372,-4.47899489,129.6969673,7431.088843,-,4.04E-13,4.97E-14,-3.18E-12,2.97E-12,-,0.09396858,-0.0342039,0.33235489,0.9130805,-,0.574146755,0.459976102,-,0.014475743,-,-0.014475742,0.014475743,-0.014475742,1.11E-09
0.57,-,0.04833909,-0.01278014,0.258471226,14.80931038,0.10735127,0.40604107,0.399848715,81.27587989,-5.11602518,-5.54848036,133.4368173,7645.366465,-,1.87E-13,-5.40E-14,4.85E-12,-1.71E-12,-,0.09667819,-0.02556029,0.21470254,0.81208214,-,0.441426948,0.367697489,-,0.0108176,-,-0.010817599,0.0108176,-0.010817599,1.11E-09
0.58,-,0.04918151,-0.00900993,0.181188428,10.38133224,0.06354568,0.34686964,0.052846224,4.098322179,-3.66962716,-6.22881513,135.7622566,7778.604322,-,3.78E-13,1.15E-13,-3.57E-12,-1.17E-13,-,0.09836302,-0.01801987,0.12709135,0.69373928,-,0.31662712,0.308996038,-,0.007626352,-,-0.007626351,0.007626352,-0.007626351,1.11E-09
0.59,-,0.0496554,-0.00586017,0.1174734,6.730730038,0.03333258,0.28243934,0.687988858,25.89775547,-2.40976757,-6.61668892,137.0703839,7853.554495,-,3.16E-13,4.88E-14,-1.27E-12,-5.71E-13,-,0.09931079,-0.01172034,0.06666516,0.56487868,-,0.207922422,0.275529051,-,0.004960272,-,-0.004960271,0.004960272,-0.004960271,1.11E-09
0.6,-,0.04988627,-0.00337043,0.067459848,3.865164602,0.01453893,0.21519277,0.313667111,47.15491971,-1.3924048,-6.80700776,137.707701,7890.070074,-,2.91E-13,-6.16E-15,7.21E-13,7.30E-13,-,0.09977254,-0.00674087,0.02907787,0.43038554,-,0.120141121,0.259107736,-,0.002852865,-,-0.002852864,0.002852865,-0.002852864,1.11E-09
0.61,-,0.04997564,-0.00156044,0.031213843,1.788421458,0.00458009,0.14668494,0.935128553,68.17047844,-0.64580856,-6.88091721,137.9544065,7904.205255,-,2.95E-13,2.98E-15,1.70E-13,3.91E-13,-,0.09995129,-0.00312088,0.00916018,0.29336988,-,0.055722419,0.252730593,-,0.001320816,-,-0.001320815,0.001320816,-0.001320815,1.11E-09
0.62,-,0.04999808,-0.00043808,0.008761771,0.50201248,0.0006813,0.07775633,0.555186223,9.105606933,-0.18138817,-6.8994926,138.0163407,7907.753825,-,2.96E-13,9.89E-16,2.55E-14,2.23E-13,-,0.09999616,-0.00087617,0.0013626,0.15551265,-,0.015650749,0.251127849,-,0.000370811,-,-0.00037081,0.000370811,-0.00037081,1.11E-09
0.63,-,5.00E-02,-5.54E-06,0.000110893,0.006353723,9.70E-07,8.75E-03,0.174981777,0.025717291,-2.30E-03,-6.90E+00,138.0216377,7908.05732,-,2.96E-13,2.92E-15,-6.97E-16,7.11E-14,-,1.00E-01,-1.11E-05,1.94E-06,1.75E-02,-,0.000198125,0.250990739,-,6.94E-01,-,-4.69E-06,4.69E-06,-4.69E-06,1.11E-09
0.64,-,0.04999931,-0.00026311,0.005262153,0.30149914,-0.0003171,-0.06026073,1.205231271,69.05466517,-0.10894199,-6.90050865,138.0197276,7907.94788,-,2.96E-13,1.94E-15,-5.31E-15,-1.22E-13,-,0.09999862,-0.00052621,-0.00063421,-0.12052146,-,0.009399862,0.251040181,-,0.000222704,-,-0.000222703,0.000222704,-0.000222703,1.11E-09
0.65,-,0.04998534,-0.00121064,0.024215112,1.387423732,-0.00312986,-0.12922707,2.585299392,148.1267439,-0.50113583,-6.88894449,137.9811745,7905.738951,-,2.96E-13,6.59E-15,7.72E-14,2.10E-13,-,0.09997068,-0.00242127,-0.00625972,-0.25845415,-,0.043239595,0.252037974,-,0.001024731,-,-0.001024729,0.001024731,-0.001024729,1.11E-09
0.66,-,0.0499189,-0.00284671,0.056965015,3.263854921,-0.01128544,-0.1978975,3.964380585,227.1422759,-1.17681136,-6.83397224,137.7977581,7895.229964,-,2.97E-13,6.09E-16,3.01E-13,3.52E-13,-,0.09983779,-0.00569342,-0.02257089,-0.39579501,-,0.101539032,0.256781154,-,0.002409565,-,-0.002409564,0.002409565,-0.002409564,1.11E-09
0.67,-,0.04973247,-0.00516537,0.103491965,5.92965279,-0.02758388,-0.26557932,5.340159032,305.9685745,-2.12735354,-6.68012852,137.2831516,7865.745187,-,3.15E-13,3.62E-14,1.66E-12,8.62E-13,-,0.09946495,-0.01033073,-0.05516775,-0.53115864,-,0.18355484,0.270055281,-,0.004372163,-,-0.004372162,0.004372163,-0.004372162,1.11E-09
0.68,-,0.04933121,-0.00815058,0.163742317,9.381743678,-0.0546747,-0.33091742,6.708074492,384.344357,-3.32972783,-6.35093904,136.1754821,7802.280399,-,2.54E-13,-7.41E-14,-1.55E-12,-2.68E-13,-,0.09866242,-0.01630116,-0.1093494,-0.66183483,-,0.287299524,0.298458798,-,0.006898962,-,-0.006898961,0.006898962,-0.006898961,1.11E-09
0.69,-,0.04859525,-0.01176866,0.237602542,13.61362284,-0.09486241,-0.39170667,8.060595361,461.8380945,-4.73608331,-5.75411075,134.1439295,7685.88101,-,2.68E-13,-5.94E-14,7.67E-13,-3.97E-13,-,0.09719051,-0.02353732,-0.18972481,-0.78341335,-,0.408644354,0.349955044,-,0.009961443,-,-0.009961442,0.009961443,-0.009961442,1.11E-09
0.7,-,0.04738467,-0.0159591,0.324866255,18.61346534,-0.14980154,-0.44478046,9.386589555,537.8119655,-6.26245725,-4.79189363,130.8021992,7494.413963,-,2.53E-13,-2.81E-14,-1.73E-12,1.26E-12,-,0.09476934,-0.0319182,-0.29960308,-0.88956092,-,0.54034476,0.432978202,-,0.013508392,-,-0.013508391,0.013508392,-0.013508391,1.11E-09
0.71,-,0.0455479,-0.02062496,0.425195783,24.36192386,-0.22008638,-0.48603605,10.67087727,611.3962312,-7.77964632,-3.3783098,125.7319144,7203.908044,-,5.38E-13,-2.59E-14,5.22E-12,-8.66E-12,-,0.0910958,-0.04124991,-0.44017277,-0.97207209,-,0.671252665,0.554946718,-,0.017457749,-,-0.017457748,0.017457749,-0.017457748,1.11E-09
0.72,-,0.0429347,-0.02562444,0.538080621,30.82974863,-0.30477907,-0.51066862,11.89407789,681.4804644,-9.11089836,-1.46348299,118.5183422,6790.600802,-,1.43E-13,2.27E-14,-1.11E-12,6.05E-12,-,0.08586939,-0.05124888,-0.60955814,-1.02133724,-,0.786117331,0.720164074,-,0.021689501,-,-0.0216895,0.021689501,-0.0216895,1.11E-09
0.73,-,0.03941373,-0.03076618,0.662796365,37.97543441,-0.40097188,-0.51367441,13.03287915,746.72897,-10.04198462,0.93764502,108.7989583,6233.721125,-,2.88E-13,4.31E-15,5.99E-13,1.86E-12,-,0.07882746,-0.06153236,-0.80194376,-1.02734882,-,0.866454419,0.927341047,-,0.026041665,-,-0.026041664,0.026041665,-0.026041664,1.11E-09
0.74,-,0.03489379,-0.03581094,0.798368953,45.74317151,-0.50353209,-0.49063622,14.06084582,805.627122,-10.34814019,3.71904855,96.32196464,5518.842048,-,4.04E-13,-2.00E-13,-6.61E-12,-6.74E-12,-,0.06978758,-0.07162188,-1.00706418,-0.98127244,-,0.892870498,1.167329403,-,0.030311742,-,-0.030311741,0.030311742,-0.030311741,1.11E-09
0.75,-,0.02934587,-0.04048234,0.943549996,54.06143253,-0.60520425,-0.43871596,14.94983445,856.5624184,-9.83809642,6.67047285,81.00731317,4641.377154,-,2.63E-13,1.91E-13,6.75E-12,3.09E-12,-,0.05869175,-0.08096468,-1.21040849,-0.87743193,-,0.848862296,1.421987693,-,0.034265792,-,-0.034265791,0.034265792,-0.034265791,1.11E-09
0.76,-,0.02282187,-0.04448777,1.09680921,62.84253868,-0.69721162,-0.35766399,15.67198233,897.938444,-8.40795557,9.48895021,62.99824649,3609.53364,-,2.47E-13,-2.10E-13,-1.05E-11,2.03E-12,-,0.04564375,-0.08897555,-1.39442324,-0.71532799,-,0.725465189,1.665174897,-,0.037656146,-,-0.037656145,0.037656146,-0.037656145,1.11E-09
0.77,-,0.01546455,-0.04754837,1.256348977,71.98349397,-0.77038369,-0.25055822,16.20210417,928.3121882,-6.08935558,11.82167304,42.68884593,2445.890704,-,2.28E-13,-9.73E-14,-4.73E-12,4.03E-12,-,0.0309291,-0.09509675,-1.54076737,-0.50111645,-,0.525408996,1.866449653,-,0.040246753,-,-0.040246752,0.040246753,-0.040246752,1.11E-09
0.78,-,0.00750417,-0.04943367,1.420143675,81.36823886,-0.8166535,-0.12397032,16.52018871,946.5370896,-3.0720197,13.33582289,20.71476011,1186.868328,-,2.71E-13,-1.98E-14,-7.18E-13,2.38E-12,-,0.01500834,-0.09886733,-1.63330701,-0.24794065,-,0.265063645,1.997095326,-,0.041842538,-,-0.041842536,0.041842538,-0.041842536,1.11E-09
0.79,-,-0.00076029,-0.04999422,1.58600281,90.87126733,-0.83058345,0.01263123,16.61358989,951.8885835,0.31477504,13.79737722,0.098742901,20.24911052,-,3.09E-13,-4.33E-15,3.46E-13,4.68E-14,-,-0.00152059,-0.09998844,-1.66116691,0.02526245,-,0.027159793,2.036919704,-,0.04231701,-,-0.042317009,0.04231701,-0.042317009,1.11E-09
0.8,-,-0.00899361,-0.0491845,1.751652793,100.3623122,-0.81048687,0.14820117,16.4785017,944.1486,3.6631997,13.13233169,4.826247009,422.4391747,-,3.04E-13,2.30E-15,9.83E-13,1.27E-12,-,-0.01798721,-0.098369,-1.62097373,0.29640233,-,0.316072539,1.979537457,-,0.041631633,-,-0.041631632,0.041631633,-0.041631632,1.11E-09
0.81,-,-0.01686429,-0.04707012,1.914828544,109.711594,-0.75878981,0.27185933,16.12041522,923.6317558,6.57372777,11.44692806,6.552733506,667.2751547,-,3.80E-13,-8.88E-14,-2.58E-12,-1.42E-12,-,-0.03372858,-0.09414023,-1.51757962,0.54371865,-,0.567202171,1.834115463,-,0.039841938,-,-0.039841937,0.039841938,-0.039841937,1.11E-09
0.82,-,-0.02408387,-0.04381743,2.073364085,118.7950114,-0.68151271,0.37458752,15.55346111,891.1476785,8.73919846,8.99874007,6.481900555,809.1323158,-,3.62E-13,-1.94E-13,-6.05E-12,2.73E-13,-,-0.04816774,-0.08763486,-1.36302542,0.74917503,-,0.75404588,1.622878004,-,0.037088742,-,-0.037088741,0.037088742,-0.037088741,1.11E-09
0.83,-,-0.03043715,-0.03966838,2.225271469,127.4986634,-0.58704344,0.45043252,14.79877641,847.90743,9.9987751,6.1302049,4.01969552,813.9739493,-,3.88E-13,2.18E-13,9.96E-12,-3.98E-12,-,-0.06087429,-0.07933675,-1.17408688,0.90086504,-,0.862726165,1.375371653,-,0.033576825,-,-0.033576824,0.033576825,-0.033576824,1.11E-09
0.84,-,-0.03579818,-0.03490688,2.368799814,135.7222318,-0.48458512,0.49695845,13.88222529,795.3929194,10.3483337,3.18959775,8.818479972,661.8818403,-,2.33E-13,-1.46E-13,-2.89E-12,5.59E-12,-,-0.07159637,-0.06981375,-0.96917025,0.99391691,-,0.892887194,1.121646701,-,0.02954651,-,-0.029546508,0.02954651,-0.029546508,1.11E-09
0.85,-,-0.04013097,-0.02982457,2.502470055,143.3809725,-0.38270571,0.51495631,12.83189239,735.213277,9.91179573,0.46517562,10.77884872,347.1604912,-,4.70E-13,8.64E-14,1.73E-12,-5.00E-12,-,-0.08026194,-0.05964915,-0.76541141,1.02991261,-,0.855221308,0.886574882,-,0.025244654,-,-0.025244653,0.025244654,-0.025244653,1.11E-09
0.86,-,-0.04347746,-0.02469231,2.625085167,150.4063009,-0.28830106,0.50763162,11.67574163,668.9707181,8.89046322,-1.85188903,20.01661144,876.4453067,-,5.52E-13,7.65E-14,-1.18E-12,-9.29E-12,-,-0.08695492,-0.04938462,-0.57660211,1.01526323,-,0.767097486,0.686651163,-,0.020900514,-,-0.020900513,0.020900514,-0.020900513,1.11E-09
0.87,-,-0.04593789,-0.01974108,2.735719042,156.745155,-0.2060914,0.47957892,10.4397242,598.1521359,7.51000726,-3.67377588,26.80846069,265.5896041,-,4.44E-13,2.38E-15,-6.69E-13,-1.82E-12,-,-0.09187578,-0.03948215,-0.41218281,0.95915783,-,0.647987348,0.529452963,-,0.0167096,-,-0.016709599,0.0167096,-0.016709599,1.11E-09
0.88,-,-0.04764855,-0.01515306,2.833689335,162.3584393,-0.13859711,0.43581635,9.14647591,524.054467,5.97927551,-4.99956928,31.53063087,536.1500257,-,5.23E-13,-1.73E-14,-7.45E-12,-5.74E-12,-,-0.09529711,-0.03030612,-0.27719422,0.87163271,-,0.515910937,0.415059285,-,0.012826129,-,-0.012826128,0.012826129,-0.012826128,1.11E-09
0.89,-,-0.04876112,-0.01106134,2.918520321,167.2188968,-0.08644013,0.38104934,7.814614344,447.7444204,4.46663024,-5.88783751,34.6017895,712.1144534,-,2.34E-13,1.45E-13,6.26E-12,9.07E-13,-,-0.09752224,-0.02212269,-0.17288027,0.76209867,-,0.385395084,0.338416673,-,0.009362743,-,-0.009362742,0.009362743,-0.009362742,1.11E-09
0.9,-,-0.04942585,-0.00755551,2.989901414,171.3087322,-0.04879768,0.31921962,6.458556561,370.0480327,3.09254682,-6.42833811,36.43672614,817.2485785,-,3.74E-13,3.80E-14,6.96E-13,-9.49E-14,-,-0.09885169,-0.01511102,-0.09759536,0.63843925,-,0.266834791,0.29178056,-,0.006395271,-,-0.00639527,0.006395271,-0.00639527,1.11E-09
0.91,-,-0.04977951,-0.00469043,3.047645965,174.6172512,-0.02386835,0.25331477,5.088735401,291.5630615,1.93357757,-6.7188924,37.41299823,873.184849,-,3.83E-13,3.91E-14,1.99E-12,-7.58E-13,-,-0.09955903,-0.00938086,-0.04773669,0.50662954,-,0.166835231,0.26671061,-,0.003970158,-,-0.003970156,0.003970158,-0.003970156,1.11E-09
0.92,-,-0.04993767,-0.00249591,3.091653684,177.1387078,-0.00926504,0.18537299,3.712087678,212.6869572,1.03218102,-6.84949298,37.84956815,898.1984626,-,4.06E-13,1.22E-14,9.95E-13,-1.73E-13,-,-0.09987533,-0.00499182,-0.01853008,0.37074599,-,0.089059866,0.255441976,-,0.002112635,-,-0.002112634,0.002112635,-0.002112634,1.11E-09
0.93,-,-0.04999028,-0.00098563,3.121878842,178.8704818,-0.00229918,0.11661267,2.332706583,133.6542421,0.40803452,-6.89303697,37.9948194,906.5207466,-,4.17E-13,2.39E-15,1.03E-12,-4.32E-13,-,-0.09998057,-0.00197125,-0.00459836,0.23322533,-,0.035206518,0.251684862,-,0.000834273,-,-0.000834272,0.000834273,-0.000834272,1.11E-09
0.94,-,-0.04999973,-0.00016436,3.138305478,179.8116587,-0.00015656,0.04762873,0.952579828,54.57880382,0.06805508,-6.90085822,38.02089282,908.014643,-,4.27E-13,-6.07E-15,9.38E-13,-7.75E-14,-,-0.09999946,-0.00032872,-0.00031313,0.09525747,-,0.005872009,0.25101002,-,0.00013912,-,-0.000139119,0.00013912,-0.000139119,1.11E-09
0.95,-,-5.00E-02,-3.31E-05,3.140930203,179.9620444,1.42E-05,-2.14E-02,0.427635509,4.501709813,0.01371523,-6.90107284,38.02160823,908.0556331,-,4.36E-13,-7.10E-15,9.39E-13,-1.75E-13,-,-1.00E-01,-6.62E-05,2.83E-05,-4.28E-02,-,0.001183393,0.250991501,-,8.04E-01,-,-2.80E-05,2.80E-05,-2.80E-05,1.11E-09
0.96,-,-0.0499965,-0.00059198,3.129752822,179.3216276,0.00107019,-0.09038499,0.80782657,3.580832545,0.24510041,-6.89817984,38.01196458,907.5030926,-,4.46E-13,-1.29E-14,9.82E-13,-3.94E-13,-,-0.09999299,-0.00118396,0.00214039,-0.18076999,-,0.021148044,0.251241118,-,0.000501074,-,-0.000501073,0.000501074,-0.000501073,1.11E-09
0.97,-,-0.04996612,-0.00184048,3.104774829,177.890494,0.00586677,-0.15927379,0.187636149,82.63809793,0.76156018,-6.87303026,37.92810131,902.6980814,-,4.55E-13,-1.38E-14,8.77E-13,6.20E-14,-,-0.09993223,-0.00368095,0.01173353,-0.31854759,-,0.065709838,0.253411104,-,0.001557849,-,-0.001557848,0.001557849,-0.001557848,1.11E-09
0.98,-,-0.04985723,-0.00377574,3.0660058,175.6691923,0.01723882,-0.22763192,0.565674901,61.59390247,1.55893984,-6.78302164,37.62754169,885.4772833,-,4.70E-13,-3.62E-14,1.21E-12,-3.32E-13,-,-0.09971447,-0.00755149,0.03447765,-0.45526384,-,0.134510295,0.261177335,-,0.003195935,-,-0.003195934,0.003195935,-0.003195934,1.11E-09
0.99,-,-0.04959022,-0.00638824,3.013477623,172.6595494,0.03793811,-0.29450346,0.938740191,40.26474859,2.62346911,-6.56312506,36.89048057,843.2467922,-,4.50E-13,2.66E-14,-7.63E-13,4.95E-13,-,-0.09918045,-0.01277648,0.07587622,-0.58900692,-,0.226361272,0.280150712,-,0.005407253,-,-0.005407252,0.005407253,-0.005407252,1.11E-09
1,-,-0.0490589,-0.00965527,2.947266451,168.8659287,0.07049373,-0.35818196,0.301059665,18.31990477,3.92266159,-6.12906362,35.42379609,759.2119618,-,4.11E-13,4.43E-14,-3.77E-12,-4.09E-13,-,-0.0981178,-0.01931055,0.14098745,-0.71636392,-,0.338459737,0.317602916,-,0.008172592,-,-0.008172591,0.008172592,-0.008172591,1.11E-09
1.01,-,-0.04813386,-0.01353262,2.867521937,164.2969046,0.11697056,-0.41604974,0.643598655,95.24172272,5.39425023,-5.38451212,32.87027429,612.9059395,-,4.85E-13,-1.16E-14,1.11E-12,9.00E-14,-,-0.09626771,-0.02706525,0.23394112,-0.83209947,-,0.465433092,0.381845191,-,0.011454528,-,-0.011454527,0.011454528,-0.011454527,1.11E-09
1.02,-,-0.04666879,-0.01794503,2.774502809,158.9673012,0.17861587,-0.4645177,0.953498331,70.29344574,6.93536406,-4.23430285,28.82605082,381.1890033,-,2.02E-13,8.36E-15,-8.37E-12,-1.00E-11,-,-0.09333758,-0.03589007,0.35723174,-0.9290354,-,0.598405302,0.48108891,-,0.015189361,-,-0.01518936,0.015189361,-0.01518936,1.11E-09
1.03,-,-0.04451084,-0.02277686,2.668617024,152.9004926,0.25541386,-0.49913302,1.213741723,42.50007326,8.39572299,-2.6048645,22.86917051,39.8849026,-,7.32E-13,-4.79E-14,3.31E-12,4.55E-12,-,-0.08902167,-0.04555373,0.51082771,-0.99826604,-,0.724409722,0.621682041,-,0.019279204,-,-0.019279203,0.019279204,-0.019279203,1.11E-09
1.04,-,-0.0415156,-0.02786494,2.550463615,146.1308009,0.34561358,-0.514925,2.403169081,10.64924093,9.58005268,-0.47102648,14.60102221,566.1549008,-,5.02E-13,-7.04E-14,1.41E-12,-3.68E-12,-,-0.0830312,-0.05572988,0.69122716,-1.02985001,-,0.826597461,0.805796383,-,0.023585948,-,-0.023585947,0.023585948,-0.023585947,1.11E-09
1.05,-,-0.03756652,-0.03299631,2.420872102,138.7057542,0.44535022,-0.50703421,3.496970118,73.319424,10.26513817,2.11523588,3.699854719,941.5640115,-,6.71E-13,1.07E-13,-1.71E-12,6.10E-12,-,-0.07513304,-0.06599262,0.89070044,-1.01406841,-,0.885708819,1.028947338,-,0.027929334,-,-0.027929333,0.027929334,-0.027929333,1.11E-09
1.06,-,-0.03259691,-0.0379136,2.280934162,130.6879008,0.54852465,-0.47160414,4.467753845,28.94123437,10.23457875,5.00279733,9.981591556,155.56543,-,4.77E-13,-1.46E-13,4.98E-12,-2.70E-12,-,-0.06519383,-0.0758272,1.0970493,-0.94320828,-,0.883072055,1.278095337,-,0.032091516,-,-0.032091515,0.032091516,-0.032091515,1.11E-09
1.07,-,-0.02661119,-0.04233018,2.132021539,122.155836,0.64711104,-0.40681131,5.287225246,75.89348709,9.32852401,7.9377163,3.458410081,208.8568674,-,5.53E-13,1.36E-13,-2.81E-12,1.18E-12,-,-0.05322239,-0.08466037,1.29422208,-0.81362261,-,0.804894766,1.531329495,-,0.035829879,-,-0.035829877,0.035829879,-0.035829877,1.11E-09
1.08,-,-0.01970039,-0.04595535,1.975784462,113.2041109,0.7319944,-0.31379537,5.928381442,12.6290311,7.49737846,10.58814697,4.381609781,115.8367236,-,6.23E-13,-1.73E-13,8.71E-12,3.39E-12,-,-0.03940079,-0.09191071,1.4639888,-0.62759074,-,0.646897695,1.760017095,-,0.038898361,-,-0.03889836,0.038898361,-0.03889836,1.11E-09
1.09,-,-0.0120468,-0.04852705,1.814126407,103.9417866,0.79429064,-0.19718194,6.367997171,37.817157,4.84121,12.6003382,3.254372572,905.3351987,-,5.08E-13,2.61E-14,-5.94E-13,-1.15E-12,-,-0.02409359,-0.0970541,1.58858127,-0.39436387,-,0.417715019,1.933635364,-,0.041075144,-,-0.041075142,0.041075144,-0.041075142,1.11E-09
1.1,-,-0.00391388,-0.04984658,1.649154006,94.48956431,0.82690696,-0.06492745,6.589040815,50.48202486,1.61562611,13.67530777,0.803991404,19.02310937,-,5.62E-13,-1.65E-14,6.65E-13,3.59E-13,-,-0.00782775,-0.09969316,1.65381391,-0.1298549,-,0.139401367,2.026387162,-,0.042192043,-,-0.042192042,0.042192043,-0.042192042,1.11E-09
1.11,-,0.00437895,-0.04980788,1.483104908,84.97565179,0.8259441,0.07261444,6.58259954,50.11296701,-1.80620415,13.64336837,12.08780733,692.5803436,-,5.72E-13,-1.71E-14,5.95E-13,1.29E-14,-,0.00875791,-0.09961576,1.65188821,0.14522887,-,0.155845047,2.023631329,-,0.042159285,-,-0.042159283,0.042159285,-0.042159283,1.11E-09
1.12,-,0.01249301,-0.0484141,1.318260452,75.53076021,0.79151898,0.20424743,6.348936417,36.72505623,-5.00884226,12.50965808,34.48611441,1975.908808,-,6.29E-13,3.32E-14,-2.13E-12,3.01E-12,-,0.02498602,-0.09682819,1.58303796,0.40849485,-,0.432178865,1.925811194,-,0.040979534,-,-0.040979533,0.040979534,-0.040979533,1.11E-09
1.13,-,0.02011113,-0.0457771,1.156853132,66.28280196,0.72773948,0.31971586,5.897458736,10.85729057,-7.62400456,10.45273046,55.51542312,3180.799443,-,5.44E-13,-8.23E-14,3.49E-12,-8.07E-13,-,0.04022226,-0.09155419,1.45547896,0.63943173,-,0.657823398,1.748332927,-,0.038747476,-,-0.038747475,0.038747476,-0.038747475,1.11E-09
1.14,-,0.02697388,-0.0421,1.00097988,57.35192253,0.64183995,0.41123303,5.245604282,73.50878149,-9.40424393,7.77677475,74.45956927,4266.219064,-,5.84E-13,-1.69E-13,3.86E-12,1.48E-12,-,0.05394775,-0.0842,1.2836799,0.82246606,-,0.811428122,1.517442945,-,0.035635043,-,-0.035635042,0.035635043,-0.035635042,1.11E-09
1.15,-,0.03290398,-0.03764742,0.852531025,48.84642962,0.54275827,0.4743726,4.41687759,26.02623969,-10.25845739,4.8362372,90.82921428,5204.130635,-,5.32E-13,8.58E-14,-2.76E-12,-2.17E-12,-,0.06580795,-0.07529484,1.08551654,0.9487452,-,0.88513238,1.263723998,-,0.031866211,-,-0.03186621,0.031866211,-0.03186621,1.11E-09
1.16,-,0.03781552,-0.03271065,0.713141559,40.86000155,0.43957941,0.50818078,3.438418981,69.96469091,-10.24371915,1.95979644,104.3871955,5980.945736,-,6.67E-13,-7.52E-14,5.46E-13,2.42E-12,-,0.07563104,-0.0654213,0.87915883,1.01636155,-,0.883860718,1.015535527,-,0.027687539,-,-0.027687538,0.027687539,-0.027687538,1.11E-09
1.17,-,0.04170858,-0.02757525,0.584167304,33.47032103,0.34023794,0.51462244,2.338526826,6.94551253,-9.52452402,-0.60402963,115.1337326,6596.676957,-,6.25E-13,-2.81E-14,1.74E-13,2.64E-12,-,0.08341716,-0.0551505,0.68047588,1.02924488,-,0.821806271,0.794320447,-,0.02334074,-,-0.023340739,0.02334074,-0.023340739,1.11E-09
1.18,-,0.04465325,-0.02249639,0.466684549,26.739055,0.25071073,0.49763746,1.144485878,38.53200566,-8.31887035,-2.71001874,123.2622819,7062.408524,-,6.38E-13,-1.06E-14,-8.96E-13,2.50E-12,-,0.08930649,-0.04499279,0.50142146,0.99527493,-,0.717778632,0.612608998,-,0.019041804,-,-0.019041803,0.019041804,-0.019041803,1.11E-09
1.19,-,0.04676821,-0.0176843,0.361508905,20.71293454,0.17473722,0.46211312,0.880923687,66.13522498,-6.84915652,-4.31123422,129.1005009,7396.913832,-,5.54E-13,3.05E-14,3.73E-12,-4.41E-12,-,0.09353642,-0.0353686,0.34947445,0.92422624,-,0.590967042,0.474451027,-,0.014968666,-,-0.014968665,0.014968666,-0.014968665,1.11E-09
1.2,-,0.04819883,-0.01329935,0.269227562,15.42560304,0.1139591,0.41300494,0.568774935,90.95463936,-5.30841945,-5.43634721,133.0496357,7623.182589,-,8.23E-13,1.54E-13,-7.11E-12,2.76E-12,-,0.09639766,-0.02659869,0.22791819,0.82600989,-,0.458027339,0.377372694,-,0.011257073,-,-0.011257072,0.011257073,-0.011257072,1.11E-09
1.21,-,0.04909795,-0.00945468,0.190238965,10.89988979,0.06830834,0.35472384,0.22481914,13.95164445,-3.84422317,-6.16080889,135.5316007,7765.38871,-,5.15E-13,-8.73E-14,4.77E-12,-2.09E-13,-,0.09819591,-0.01890936,0.13661667,0.70944767,-,0.33169182,0.314863832,-,0.0080028,-,-0.008002799,0.0080028,-0.008002799,1.11E-09
1.22,-,0.04961116,-0.00622355,0.124794671,7.150207951,0.03648051,0.29080517,0.86168841,35.85000672,-2.55691381,-6.58032586,136.9482781,7846.558349,-,5.63E-13,-6.28E-14,2.40E-12,8.25E-13,-,0.09922232,-0.0124471,0.07296102,0.58161035,-,0.220618668,0.278666573,-,0.005267851,-,-0.00526785,0.005267851,-0.00526785,1.11E-09
1.23,-,0.04986669,-0.00364872,0.073039305,4.184843893,0.01637624,0.22381254,0.488217298,57.15590871,-1.50677882,-6.79083173,137.6536474,7886.973029,-,6.01E-13,1.67E-14,-7.69E-13,-8.22E-13,-,0.09973338,-0.00729744,0.03275249,0.44762509,-,0.130009676,0.260503456,-,0.003088416,-,-0.003088415,0.003088416,-0.003088415,1.11E-09
1.24,-,0.0499693,-0.00175193,0.035045816,2.00797736,0.00544853,0.15540523,0.11001431,78.1906942,-0.72496856,-6.8756644,137.9368875,7903.201491,-,5.94E-13,-1.65E-15,-2.70E-13,-6.97E-13,-,0.0999386,-0.00350386,0.01089707,0.31081046,-,0.062552597,0.253183822,-,0.001482903,-,-0.001482902,0.001482903,-0.001482902,1.11E-09
1.25,-,0.04999706,-0.00054221,0.010844327,0.621334185,0.0009381,0.08650289,0.730159592,9.130842505,-0.22449553,-6.89864733,138.013523,7907.592381,-,5.91E-13,-2.46E-14,5.57E-14,3.42E-13,-,0.09999412,-0.00108441,0.0018762,0.17300579,-,0.01937019,0.251200782,-,0.000458945,-,-0.000458944,0.000458945,-0.000458944,1.11E-09
1.26,-,5.00E-02,-2.22E-05,0.000443652,0.025419406,7.76E-06,1.75E-02,0.349963547,0.051434209,-0.0091854,-6.90107785,138.0216249,7908.05659,-,5.91E-13,-2.31E-14,2.26E-18,1.92E-14,-,1.00E-01,-4.44E-05,1.55E-05,3.50E-02,-,0.000792546,0.250991069,-,8.78E-01,-,-1.88E-05,1.88E-05,-1.88E-05,1.11E-09
1.27,-,0.04999963,-0.00019225,0.003845097,0.22030782,-0.00019807,-0.05151218,1.030251308,59.02905181,-0.07960556,-6.90077583,138.0206182,7907.998909,-,5.91E-13,-2.37E-14,-6.96E-16,-9.60E-14,-,0.09999926,-0.00038451,-0.00039614,-0.10302437,-,0.006868621,0.251017128,-,0.000162733,-,-0.000162731,0.000162733,-0.000162731,1.11E-09
1.28,-,0.04998892,-0.00105234,0.021048398,1.205984378,-0.00253653,-0.12049143,2.410362425,138.1035941,-0.43564183,-6.89191101,137.9910654,7906.30566,-,5.92E-13,-1.91E-14,1.42E-13,4.55E-13,-,0.09997785,-0.00210468,-0.00507305,-0.24098285,-,0.037588564,0.251782013,-,0.000890744,-,-0.000890742,0.000890744,-0.000890742,1.11E-09
1.29,-,0.04993229,-0.00260131,0.052049782,2.982232834,-0.00985809,-0.18922632,3.789658684,217.1314484,-1.07565457,-6.84504372,137.834718,7897.347612,-,5.87E-13,-4.83E-14,-3.95E-13,-6.89E-13,-,0.09986457,-0.00520263,-0.01971619,-0.37845264,-,0.092810903,0.255825872,-,0.002201852,-,-0.002201851,0.002201852,-0.002201851,1.11E-09
1.3,-,0.04976577,-0.00483404,0.096832142,5.548073061,-0.02497294,-0.25709268,5.166054269,295.9931063,-1.9922319,-6.70756463,137.3750665,7871.011522,-,5.77E-13,-7.19E-14,-8.08E-13,-6.20E-13,-,0.09953154,-0.00966809,-0.04994587,-0.51418535,-,0.171896114,0.267688006,-,0.00409172,-,-0.004091719,0.00409172,-0.004091719,1.11E-09
1.31,-,0.04939789,-0.00773617,0.155347406,8.90075073,-0.05055829,-0.32283079,6.535315037,374.4459694,-3.16470116,-6.40546047,136.3595597,7812.827265,-,6.00E-13,-1.71E-14,3.82E-13,-1.65E-14,-,0.09879578,-0.01547233,-0.10111657,-0.64566157,-,0.273060496,0.293754515,-,0.006548187,-,-0.006548186,0.006548187,-0.006548186,1.11E-09
1.32,-,0.04871176,-0.01127671,0.22749133,13.03429308,-0.08897689,-0.38435157,7.89032364,452.0822435,-4.54898726,-5.84799726,134.4655456,7704.308255,-,5.99E-13,-2.49E-14,1.36E-14,-4.23E-14,-,0.09742353,-0.02255342,-0.17795378,-0.76870314,-,0.392501111,0.341854217,-,0.009545038,-,-0.009545036,0.009545038,-0.009545036,1.11E-09
1.33,-,0.04756961,-0.01539911,0.313071333,17.93766609,-0.14198644,-0.43861242,9.220433982,528.2919524,-6.06629515,-4.93731704,131.3127024,7523.663646,-,5.92E-13,-9.38E-14,3.17E-12,-2.60E-12,-,0.09513921,-0.03079821,-0.28397289,-0.87722484,-,0.523419269,0.420430607,-,0.013034391,-,-0.01303439,0.013034391,-0.01303439,1.11E-09
1.34,-,0.04582072,-0.02001154,0.411768651,23.59260586,-0.21034119,-0.48162136,10.51099523,602.2356653,-7.59347961,-3.58473919,126.4850154,7247.057552,-,2.52E-13,-1.12E-13,-6.29E-12,8.13E-12,-,0.09164144,-0.04002308,-0.42068237,-0.96324273,-,0.655189608,0.537135332,-,0.016938529,-,-0.016938528,0.016938529,-0.016938528,1.11E-09
1.35,-,0.04331381,-0.02497827,0.523097015,29.97125126,-0.29332368,-0.50864075,11.74315449,672.8331904,-8.95957016,-1.73426402,119.5648571,6850.561687,-,8.13E-13,-1.34E-13,2.00E-12,-1.07E-11,-,0.08662762,-0.04995654,-0.58664737,-1.0172815,-,0.773060252,0.696800224,-,0.021142559,-,-0.021142558,0.021142559,-0.021142558,1.11E-09
1.36,-,0.03991403,-0.03011428,0.646361283,37.03377358,-0.38829555,-0.51465413,12.89406533,738.7755241,-9.95397575,0.60898019,110.1799999,6312.848981,-,7.32E-13,-1.68E-13,-2.18E-12,-8.43E-12,-,0.07982806,-0.06022857,-0.77659109,-1.02930825,-,0.858860734,0.898982798,-,0.025489877,-,-0.025489876,0.025489877,-0.025489876,1.11E-09
1.37,-,0.03552384,-0.03518603,0.780620699,44.72627148,-0.49040958,-0.49511794,13.93762294,798.566971,-10.35115062,3.35163371,98.06118254,5618.491894,-,4.76E-13,1.09E-13,3.65E-12,5.29E-12,-,0.07104769,-0.07037205,-0.98081916,-0.99023588,-,0.893130247,1.135627681,-,0.029782793,-,-0.029782792,0.029782793,-0.029782792,1.11E-09
1.38,-,0.03010521,-0.03992088,0.924662484,52.9792578,-0.59265744,-0.44693589,14.84580125,850.6017554,-9.95268208,6.29662983,83.1033952,4761.473808,-,6.36E-13,-2.00E-13,-6.01E-12,-2.35E-12,-,0.06021041,-0.07984176,-1.18531488,-0.89387179,-,0.858749112,1.389731326,-,0.033790552,-,-0.033790551,0.033790552,-0.033790551,1.11E-09
1.39,-,0.02369897,-0.0440268,1.076991784,61.70708377,-0.68640311,-0.36948054,15.59057534,893.2741671,-8.64062112,9.15104705,65.41940615,3748.255871,-,6.25E-13,1.56E-13,6.05E-12,1.40E-13,-,0.04739793,-0.0880536,-1.37280622,-0.73896107,-,0.745540313,1.636019537,-,0.037265958,-,-0.037265957,0.037265958,-0.037265957,1.11E-09
1.4,-,0.01643624,-0.04722129,1.235843218,70.8086005,-0.76244814,-0.26538421,16.14628066,925.1137368,-6.42745192,11.56497041,45.37114731,2599.575252,-,6.15E-13,-8.24E-15,-2.57E-13,6.62E-13,-,0.03287249,-0.09444257,-1.52489628,-0.53076843,-,0.554581025,1.844300533,-,0.039969894,-,-0.039969893,0.039969894,-0.039969893,1.11E-09
1.41,-,0.00853693,-0.04926582,1.399217037,80.16923087,-0.81249768,-0.14079211,16.49211816,944.9287658,-3.4829401,13.1986296,23.56562974,1350.211126,-,5.91E-13,-4.21E-14,-3.84E-13,1.41E-12,-,0.01707387,-0.09853164,-1.62499537,-0.28158422,-,0.300519166,1.985257851,-,0.041700464,-,-0.041700462,0.041700464,-0.041700462,1.11E-09
1.42,-,0.00029284,-0.04999914,1.564939441,89.66442515,-0.83070615,-0.00486541,16.6144079,951.9354515,-0.12125378,13.80145404,0.808372379,46.31632561,-,6.06E-13,-3.77E-14,3.50E-13,-1.34E-13,-,0.00058569,-0.09999828,-1.66141229,-0.00973081,-,0.010462162,2.037271464,-,0.042321178,-,-0.042321177,0.042321178,-0.042321177,1.11E-09
1.43,-,-0.00796325,-0.04936179,1.730742404,99.16423515,-0.81487311,0.1314587,16.50817473,945.8487393,3.25521474,13.27701952,1.982012386,259.4765349,-,6.41E-13,-5.29E-14,-2.16E-13,-9.98E-13,-,-0.0159265,-0.09872359,-1.62974623,0.2629174,-,0.280870296,1.992021584,-,0.041781701,-,-0.0417817,0.041781701,-0.0417817,1.11E-09
1.44,-,-0.01589711,-0.0474055,1.894354623,108.5385248,-0.76691415,0.25717941,16.1777447,926.9164932,6.24087409,11.70932987,3.882906543,514.3053377,-,5.97E-13,-1.06E-14,1.41E-12,7.88E-13,-,-0.03179422,-0.09481101,-1.5338283,0.51435881,-,0.538482495,1.856756327,-,0.040125824,-,-0.040125823,0.040125824,-0.040125823,1.11E-09
1.45,-,-0.02321289,-0.044285,2.053592852,117.6622033,-0.69245032,0.36296205,15.63622587,895.8897498,8.51303473,9.33988242,4.077632005,671.3778751,-,5.84E-13,1.51E-13,9.74E-12,1.28E-12,-,-0.04642579,-0.08857001,-1.38490065,0.72592409,-,0.734531753,1.652312854,-,0.037484513,-,-0.037484512,0.037484513,-0.037484512,1.11E-09
1.46,-,-0.02968489,-0.0402344,2.206442832,126.419862,-0.59965287,0.44242317,14.90398368,853.9353629,9.89080148,6.50474276,1.943153312,694.9968448,-,6.01E-13,-2.06E-13,-5.27E-12,2.82E-12,-,-0.05936979,-0.0804688,-1.19930574,0.88484634,-,0.853409857,1.407687973,-,0.03405593,-,-0.034055929,0.03405593,-0.034055929,1.11E-09
1.47,-,-0.03517552,-0.03553425,2.351121178,134.7093206,-0.4977077,0.49268309,14.00642118,802.5088199,10.35109028,3.55557344,7.099647558,563.3999973,-,7.46E-13,1.44E-13,6.93E-12,-6.73E-12,-,-0.07035103,-0.0710685,-0.9954154,0.98536619,-,0.893125041,1.15322425,-,0.030077544,-,-0.030077543,0.030077544,-0.030077543,1.11E-09
1.48,-,-0.03963779,-0.03047697,2.486113309,142.4438,-0.39533129,0.51416074,12.97147786,743.2109352,10.00413685,0.79096453,9.417459913,269.158658,-,4.88E-13,-1.34E-13,-3.66E-13,6.25E-12,-,-0.07927558,-0.06095393,-0.79066258,1.02832148,-,0.863188794,0.914684987,-,0.025796865,-,-0.025796863,0.025796865,-0.025796863,1.11E-09
1.49,-,-0.04310477,-0.0253373,2.610186659,149.5526793,-0.29967052,0.50981087,11.82724897,677.651449,9.04448998,-1.58466521,18.98782527,817.5002015,-,6.17E-13,-3.96E-14,1.16E-12,2.24E-12,-,-0.08620954,-0.05067459,-0.59934104,1.01962174,-,0.780387405,0.709708086,-,0.021446453,-,-0.021446452,0.021446453,-0.021446452,1.11E-09
1.5,-,-0.04567053,-0.02035198,2.722382002,155.980999,-0.2157315,0.48410875,10.6000258,607.336741,7.69734776,-3.47094276,26.07041674,223.3028008,-,3.91E-13,5.55E-15,5.75E-12,6.89E-12,-,-0.09134105,-0.04070396,-0.43146301,0.96821751,-,0.664151683,0.546954051,-,0.017226691,-,-0.017226689,0.017226691,-0.017226689,1.11E-09
1.51,-,-0.04746799,-0.01570956,2.821987998,161.6880021,-0.14630183,0.44206533,9.312915369,533.5907456,6.17537533,-4.85733712,31.03218215,507.5910175,-,7.67E-13,-6.74E-14,-2.38E-12,-2.19E-12,-,-0.09493597,-0.03141913,-0.29260366,0.88413066,-,0.532831054,0.427331529,-,0.013297173,-,-0.013297172,0.013297173,-0.013297172,1.11E-09
1.52,-,-0.04864789,-0.01154914,2.908504981,166.6450601,-0.09222063,0.38845655,7.985064498,457.5104949,4.65277577,-5.7965005,34.28923456,694.2063741,-,7.59E-13,-7.45E-14,-5.11E-12,-1.75E-12,-,-0.09729578,-0.02309828,-0.18444125,0.77691311,-,0.401456314,0.346297521,-,0.009775632,-,-0.009775631,0.009775632,-0.009775631,1.11E-09
1.53,-,-0.04936145,-0.00796536,2.981603753,170.8333112,-0.05282165,0.32733642,6.631417819,379.9522532,3.25605664,-6.37565834,36.2589713,807.0639761,-,7.11E-13,-7.51E-14,-7.18E-13,1.60E-13,-,-0.09872291,-0.01593072,-0.10564329,0.65467283,-,0.280942938,0.296325938,-,0.006742187,-,-0.006742186,0.006742187,-0.006742186,1.11E-09
1.54,-,-0.04974766,-0.00501697,3.041084135,174.2412861,-0.02640376,0.26181652,5.26289076,301.5414286,2.06686742,-6.69264178,37.32508049,868.1475335,-,7.08E-13,-6.91E-14,-6.64E-13,8.37E-13,-,-0.09949533,-0.01003394,-0.05280752,0.52363304,-,0.178335905,0.268975597,-,0.004246555,-,-0.004246554,0.004246555,-0.004246554,1.11E-09
1.55,-,-0.04992506,-0.00273643,3.086836782,176.8627197,-0.01063602,0.19405022,3.886829763,222.6989411,1.13136009,-6.83907133,37.81478159,896.2053396,-,7.03E-13,-4.63E-14,9.14E-13,-7.29E-14,-,-0.09985013,-0.00547285,-0.02127204,0.38810045,-,0.097617353,0.256341189,-,0.002316216,-,-0.002316215,0.002316216,-0.002316215,1.11E-09
1.56,-,-0.04998702,-0.00113901,3.118810575,178.6946831,-0.00285623,0.12534991,2.507648861,143.6776963,0.47150014,-6.89033831,37.98582185,906.0052249,-,7.13E-13,-5.36E-14,7.65E-13,5.25E-13,-,-0.09997405,-0.00227801,-0.00571245,0.25069981,-,0.040682534,0.25191771,-,0.000964099,-,-0.000964097,0.000964099,-0.000964097,1.11E-09
1.57,-,-0.04999947,-0.00023029,3.136986893,179.7361093,-0.00025966,0.05637741,1.127560243,64.60444305,0.09535322,-6.90064275,38.02017459,907.9734915,-,7.21E-13,-4.82E-14,9.21E-13,2.14E-13,-,-0.09999894,-0.00046057,-0.00051933,0.11275483,-,0.008227379,0.251028611,-,0.000194925,-,-0.000194924,0.000194925,-0.000194924,1.11E-09
1.58,-,-5.00E-02,-1.16E-05,3.141361434,179.9867521,2.92E-06,-1.26E-02,0.252653749,4.475993512,4.79E-03,-6.90E+00,38.02163482,908.0571569,-,7.31E-13,-4.78E-14,9.39E-13,-2.56E-13,-,-1.00E-01,-2.31E-05,5.84E-06,-2.53E-02,-,0.000413069,0.250990813,-,7.87E-01,-,-9.79E-06,9.79E-06,-9.79E-06,1.11E-09
1.59,-,-0.04999767,-0.00048293,3.131933844,179.446591,0.00078856,-0.08163894,0.632854902,3.555694463,0.19995663,-6.89915052,38.01520036,907.6884896,-,7.40E-13,-4.91E-14,9.44E-13,-1.71E-13,-,-0.09999534,-0.00096587,0.00157712,-0.16327787,-,0.017252895,0.251157365,-,0.000408774,-,-0.000408773,0.000408774,-0.000408773,1.11E-09
1.6,-,-0.04997296,-0.00164408,3.108705217,178.1156887,0.00495321,-0.15055658,0.012760637,72.61846916,0.6803862,-6.8786977,37.94700428,903.7811416,-,7.51E-13,-6.23E-14,1.12E-12,-5.72E-13,-,-0.09994593,-0.00328815,0.00990641,-0.30111315,-,0.058705889,0.2529221,-,0.001391609,-,-0.001391608,0.001391609,-0.001391608,1.11E-09
1.61,-,-0.04987787,-0.00349261,3.071683476,175.9944992,0.01533661,-0.21902149,0.391155946,51.59470289,1.44263612,-6.8000638,37.68449975,888.74074,-,7.59E-13,-5.27E-14,1.01E-12,-1.89E-13,-,-0.09975573,-0.00698522,0.03067321,-0.43804299,-,0.12447524,0.259706883,-,0.002956281,-,-0.00295628,0.002956281,-0.00295628,1.11E-09
1.62,-,-0.04963625,-0.00602016,3.020896624,173.0846269,0.03470689,-0.2861585,0.765110742,30.31651397,2.47460297,-6.60094835,37.01754105,850.5268212,-,7.87E-13,-1.02E-13,1.72E-12,-4.55E-13,-,-0.09927251,-0.01204032,0.06941378,-0.572317,-,0.213516627,0.276887198,-,0.005095694,-,-0.005095693,0.005095694,-0.005095693,1.11E-09
1.63,-,-0.04914517,-0.00920612,2.956413729,169.3900292,0.06563244,-0.35036663,0.129218647,8.474139716,3.74676034,-6.1992199,35.66192705,772.8558603,-,8.34E-13,-1.31E-13,3.69E-12,-1.54E-13,-,-0.09829033,-0.01841224,0.13126489,-0.70073327,-,0.323282417,0.311549608,-,0.007792411,-,-0.00779241,0.007792411,-0.00779241,1.11E-09
1.64,-,-0.04827787,-0.01300952,2.878373274,164.9186405,0.11025429,-0.40914976,0.474893226,85.57561366,5.20125068,-5.49949199,33.26780501,635.6827718,-,8.41E-13,-1.36E-13,6.94E-13,-4.32E-13,-,-0.09655573,-0.02601904,0.22050858,-0.81829953,-,0.448780476,0.371924362,-,0.011011753,-,-0.011011752,0.011011753,-0.011011752,1.11E-09
1.65,-,-0.04688971,-0.01735957,2.787018011,159.6843694,0.1699465,-0.4590402,0.789784799,60.91335133,6.74085694,-4.40547245,29.43589953,416.1307608,-,1.06E-12,-1.63E-13,7.83E-12,5.88E-12,-,-0.09377943,-0.03471915,0.33989301,-0.91808039,-,0.581622608,0.466319852,-,0.014693806,-,-0.014693805,0.014693806,-0.014693805,1.11E-09
1.66,-,-0.04482795,-0.02214623,2.682734659,153.7093735,0.24487993,-0.49568103,1.057411241,33.54299646,8.22142325,-2.83947489,23.74452902,90.03925048,-,6.25E-13,-9.37E-14,-1.97E-12,-6.39E-12,-,-0.08965589,-0.04429245,0.48975986,-0.99136205,-,0.709370586,0.601439109,-,0.018745409,-,-0.018745408,0.018745409,-0.018745408,1.11E-09
1.67,-,-0.0419461,-0.02721259,2.566095749,147.0264562,0.33354798,-0.51413844,2.257121858,2.281351429,9.45278607,-0.76857459,15.78938413,634.2430232,-,8.13E-13,-6.45E-14,8.21E-13,1.29E-12,-,-0.0838922,-0.05442517,0.66709597,-1.02827687,-,0.815616492,0.780122984,-,0.023033769,-,-0.023033768,0.023033769,-0.023033768,1.11E-09
1.68,-,-0.03812289,-0.03235189,2.437899608,139.6813584,0.43236762,-0.50949426,3.364522638,65.73074237,10.21372124,1.76649829,5.235681983,29.56043179,-,7.15E-13,-1.69E-13,3.01E-12,-4.61E-12,-,-0.07624579,-0.06470379,0.86473525,-1.01898852,-,0.881272402,0.998857147,-,0.027383875,-,-0.027383874,0.027383875,-0.027383874,1.11E-09
1.69,-,-0.03328409,-0.03731179,2.299203341,131.7346477,0.5355163,-0.47770883,4.352469289,22.33591583,10.28445194,4.62788978,1.878484104,264.2493672,-,8.76E-13,-6.49E-15,6.09E-13,9.35E-13,-,-0.06656817,-0.07462358,1.0710326,-0.95541767,-,0.887375273,1.24574712,-,0.031582119,-,-0.031582117,0.031582119,-0.031582117,1.11E-09
1.7,-,-0.02742405,-0.04180815,2.151342817,123.2628637,0.63517741,-0.41664449,5.192669008,70.47581367,9.49491275,7.57397818,5.702242719,337.4190075,-,8.23E-13,-9.13E-14,8.85E-13,9.00E-14,-,-0.0548481,-0.0836163,1.27035482,-0.83328899,-,0.819251317,1.499945011,-,0.035388011,-,-0.03538801,0.035388011,-0.03538801,1.11E-09
1.71,-,-0.0206223,-0.0455491,1.995933839,114.3585852,0.72230947,-0.32702478,5.857820492,8.586186452,7.77885024,10.28029881,6.926480607,261.6470813,-,8.03E-13,6.26E-14,-2.43E-12,-4.83E-13,-,-0.04124461,-0.0910982,1.44461894,-0.65404955,-,0.671183976,1.733454975,-,0.038554493,-,-0.038554492,0.038554493,-0.038554492,1.11E-09
1.72,-,-0.01304979,-0.048267,1.834850042,105.1291634,0.78791431,-0.2130259,6.324080352,35.30090859,5.21617784,12.39188272,6.023081542,63.9705374,-,8.11E-13,-2.80E-14,-1.10E-12,-1.56E-12,-,-0.02609959,-0.09653399,1.57582863,-0.4260518,-,0.450068439,1.915649161,-,0.040855023,-,-0.040855021,0.040855023,-0.040855021,1.11E-09
1.73,-,-0.0049608,-0.0497533,1.670175888,95.6940294,0.82458679,-0.08221792,6.573510886,49.59222549,2.04395939,13.59836506,3.693962875,84.60627753,-,8.59E-13,-6.49E-14,7.51E-13,5.42E-13,-,-0.00992161,-0.09950659,1.64917358,-0.16443584,-,0.176359327,2.0197483,-,0.042113084,-,-0.042113083,0.042113084,-0.042113083,1.11E-09
1.74,-,0.0033305,-0.04988895,1.50413702,86.18070304,0.8279616,0.05527324,6.596090421,50.88593754,-1.3759795,13.71030628,9.19361467,526.7553191,-,8.67E-13,-6.57E-14,5.93E-13,-2.61E-14,-,0.006661,-0.09977791,1.6559232,0.11054648,-,0.118723894,2.029406945,-,0.04222791,-,-0.042227909,0.04222791,-0.042227909,1.11E-09
1.75,-,0.01148561,-0.04866293,1.339014361,76.7198716,0.79762907,0.18825945,6.390896892,39.12921433,-4.62861181,12.70970164,31.70525434,1816.577262,-,8.40E-13,-8.84E-14,1.12E-12,-4.59E-13,-,0.02297122,-0.09732586,1.59525814,0.3765189,-,0.39937137,1.94307159,-,0.041190157,-,-0.041190156,0.041190157,-0.041190156,1.11E-09
1.76,-,0.01918246,-0.04617394,1.177051623,67.44009026,0.7372233,0.3062714,5.96621887,14.79695602,-7.33499415,10.75492076,52.95189836,3033.920293,-,9.22E-13,3.56E-14,-5.78E-12,2.96E-12,-,0.03836493,-0.09234789,1.4744466,0.61254279,-,0.632886659,1.774406868,-,0.039083384,-,-0.039083383,0.039083384,-0.039083383,1.11E-09
1.77,-,0.02615265,-0.04261501,1.020367265,58.46273781,0.65365331,0.40114424,5.338570385,78.83534682,-9.22946859,8.13807896,72.19262752,4136.332869,-,8.77E-13,1.23E-13,-8.06E-12,-6.99E-13,-,0.0523053,-0.08523002,1.30730663,0.80228847,-,0.796347948,1.548617423,-,0.036070966,-,-0.036070965,0.036070966,-0.036070965,1.11E-09
1.78,-,0.03220765,-0.03824484,0.870881009,49.89780629,0.55572868,0.46800337,4.530815859,32.55442161,-10.20070608,5.21170467,88.90704094,5093.998215,-,9.49E-13,-2.51E-13,5.37E-12,4.23E-12,-,0.06441529,-0.07648967,1.11145737,0.93600674,-,0.880149413,1.296120528,-,0.032371886,-,-0.032371885,0.032371886,-0.032371885,1.11E-09
1.79,-,0.03724998,-0.03335324,0.730262061,41.84093405,0.45259602,0.50547385,3.569774737,77.49082137,-10.28874925,2.31135695,102.8260677,5891.499703,-,7.66E-13,6.24E-14,-2.91E-12,-5.51E-12,-,0.07449996,-0.06670649,0.90519203,1.0109477,-,0.887746058,1.045869288,-,0.028231456,-,-0.028231455,0.028231456,-0.028231455,1.11E-09
1.8,-,0.04126954,-0.02822808,0.599902108,34.37185893,0.35239172,0.51519776,2.483727917,15.26492221,-9.64738287,-0.30233853,113.9218023,6527.238468,-,9.29E-13,-5.91E-14,-4.97E-13,-4.09E-13,-,0.08253909,-0.05645617,0.70478344,1.03039552,-,0.832406924,0.820351317,-,0.023893325,-,-0.023893324,0.023893325,-0.023893324,1.11E-09
1.81,-,0.04432867,-0.0231294,0.480912183,27.55423838,0.26136671,0.50092244,1.300191948,47.45330631,-8.4907794,-2.47084106,122.3663032,7011.07273,-,1.03E-12,-4.74E-14,-1.39E-12,2.32E-12,-,0.08865733,-0.04625881,0.52273342,1.00184488,-,0.732611492,0.63324601,-,0.019577609,-,-0.019577608,0.019577609,-0.019577608,1.11E-09
1.82,-,0.04654112,-0.01827358,0.374139378,21.43660729,0.1835435,0.46746843,0.044201276,75.49034172,-7.04302029,-4.13576014,128.4736466,7360.997726,-,6.48E-13,-9.15E-14,7.14E-12,-7.54E-12,-,0.09308225,-0.03654716,0.36708701,0.93493685,-,0.607694225,0.489591489,-,0.015467454,-,-0.015467452,0.015467454,-0.015467452,1.11E-09
1.83,-,0.04805004,-0.01382728,0.280197743,16.05414809,0.12081169,0.41982258,0.737195453,0.60442421,-5.50210772,-5.31774902,132.6389012,7599.649237,-,8.45E-13,-4.36E-14,4.82E-12,-2.85E-12,-,0.09610008,-0.02765457,0.24162337,0.83964516,-,0.47473938,0.387605724,-,0.011703941,-,-0.011703939,0.011703941,-0.011703939,1.11E-09
1.84,-,0.04900822,-0.00990932,0.199507336,11.43092835,0.0732942,0.36248873,0.396488904,23.78759739,-4.02171565,-6.08790237,135.2838877,7751.1958,-,9.05E-13,-4.82E-14,-1.08E-12,4.32E-15,-,0.09801643,-0.01981865,0.1465884,0.72497746,-,0.347006436,0.32115444,-,0.008387629,-,-0.008387628,0.008387629,-0.008387628,1.11E-09
1.85,-,0.04956282,-0.00659751,0.132336054,7.582297386,0.03981744,0.29912281,0.035226036,45.79298028,-2.70791046,-6.54062105,136.8148264,7838.91213,-,8.99E-13,-4.88E-14,-8.24E-13,-3.68E-13,-,0.09912564,-0.01319501,0.07963489,0.59824562,-,0.23364714,0.28209243,-,0.005584382,-,-0.00558438,0.005584382,-0.00558438,1.11E-09
1.86,-,0.04984469,-0.00393792,0.078840008,4.5171997,0.01836131,0.23241056,0.662694772,67.15273159,-1.62548908,-6.77266217,137.5929069,7883.492855,-,8.78E-13,-9.55E-14,1.10E-12,8.32E-13,-,0.09968937,-0.00787584,0.03672262,0.46482112,-,0.140252375,0.262071183,-,0.003333205,-,-0.003333204,0.003333205,-0.003333204,1.11E-09
1.87,-,0.04996179,-0.00195448,0.039099492,2.240235887,0.00642021,0.16411826,0.284875855,88.20952271,-0.808662,-6.86944753,137.9161503,7902.013337,-,8.84E-13,-8.96E-14,3.90E-13,6.77E-13,-,0.09992357,-0.00390895,0.01284043,0.32823653,-,0.069773933,0.253720234,-,0.001654344,-,-0.001654343,0.001654344,-0.001654343,1.11E-09
1.88,-,0.04999568,-0.00065742,0.01314871,0.75336559,0.00125246,0.0952482,0.905128778,9.155838381,-0.27218996,-6.89750277,138.0097075,7907.373772,-,8.87E-13,-6.90E-14,-6.59E-14,-5.41E-13,-,0.09999136,-0.00131483,0.00250493,0.19049641,-,0.023485417,0.251299538,-,0.000556463,-,-0.000556462,0.000556463,-0.000556462,1.11E-09
1.89,-,5.00E-02,-4.99E-05,0.000998251,0.057195542,2.62E-05,2.62E-02,0.524945278,0.077148903,-0.02066737,-6.90106129,138.0215697,7908.053428,-,8.87E-13,-7.85E-14,2.51E-15,6.21E-14,-,1.00E-01,-9.98E-05,5.24E-05,5.25E-02,-,0.001783247,0.250992497,-,2.25E-01,-,-4.22E-05,4.22E-05,-4.22E-05,1.11E-09
1.9,-,0.04999982,-0.00013249,0.002649879,0.151826858,-0.00011332,-0.04276337,0.855270454,49.00338737,-0.05486119,-6.90093655,138.0211539,7908.029604,-,8.87E-13,-7.84E-14,7.64E-15,7.84E-14,-,0.09999965,-0.00026499,-0.00022664,-0.08552675,-,0.004733598,0.251003261,-,0.000112149,-,-0.000112148,0.000112149,-0.000112148,1.11E-09
1.91,-,0.04999181,-0.00090512,0.018103474,1.037252648,-0.00202333,-0.11175239,2.235414176,128.0797977,-0.37471915,-6.89429747,137.9990218,7906.761527,-,8.86E-13,-8.88E-14,-8.13E-14,-5.20E-13,-,0.09998361,-0.00181025,-0.00404666,-0.22350479,-,0.032331962,0.251576102,-,0.000766133,-,-0.000766132,0.000766133,-0.000766132,1.11E-09
1.92,-,0.04994395,-0.00236692,0.047356088,2.713303952,-0.00855616,-0.18054202,3.614892999,207.1181122,-0.97895994,-6.85468753,137.8669038,7899.191724,-,8.91E-13,-6.64E-14,5.13E-13,6.93E-13,-,0.09988789,-0.00473384,-0.01711232,-0.36108404,-,0.084467782,0.254993774,-,0.002003452,-,-0.002003451,0.002003452,-0.002003451,1.11E-09
1.93,-,0.04979587,-0.0045135,0.090393118,5.179144175,-0.02253068,-0.24857293,4.991838643,286.0112863,-1.86125375,-6.73237766,137.4581408,7875.771326,-,9.00E-13,-5.38E-14,1.21E-12,7.01E-13,-,0.09959173,-0.00902701,-0.04506136,-0.49714586,-,0.160594902,0.265547059,-,0.003820402,-,-0.003820401,0.003820402,-0.003820401,1.11E-09
1.94,-,0.04945949,-0.00733205,0.147171662,8.432315069,-0.04664892,-0.31467765,6.36233119,364.534725,-3.00312497,-6.45588816,136.5295948,7822.569561,-,8.47E-13,-1.61E-13,-1.92E-12,-5.90E-13,-,0.09891898,-0.0146641,-0.09329783,-0.6293553,-,0.259119188,0.289403454,-,0.006206125,-,-0.006206124,0.006206125,-0.006206124,1.11E-09
1.95,-,0.04882096,-0.01079416,0.217596239,12.46734613,-0.0833272,-0.37688107,7.71965706,442.3037688,-4.36408873,-5.93619583,134.766978,7721.579059,-,7.82E-13,-2.05E-13,-3.95E-12,4.26E-13,-,0.09764192,-0.02158832,-0.1666544,-0.75376214,-,0.376547477,0.334244163,-,0.009136588,-,-0.009136586,0.009136588,-0.009136586,1.11E-09
1.96,-,0.04774479,-0.01484705,0.301487464,17.27395926,-0.13441993,-0.43226457,9.053648354,518.7358399,-5.87035688,-5.07559584,131.7962908,7551.371216,-,1.11E-12,-2.04E-14,9.19E-12,-5.90E-12,-,0.09548959,-0.02969409,-0.26883986,-0.86452913,-,0.50651309,0.408499472,-,0.012567105,-,-0.012567104,0.012567105,-0.012567104,1.11E-09
1.97,-,0.04608133,-0.01940388,0.398544812,22.83493565,-0.20083366,-0.4769501,10.35017987,593.0216237,-7.40477888,-3.78308532,127.2044266,7288.276781,-,9.33E-13,-1.58E-13,3.57E-12,-5.52E-12,-,0.09216267,-0.03880776,-0.40166731,-0.95390021,-,0.638907908,0.520021396,-,0.016424184,-,-0.016424183,0.016424184,-0.016424183,1.11E-09
1.98,-,0.04367852,-0.02433489,0.508305579,29.12376435,-0.28206397,-0.50627467,11.5909296,664.1113468,-8.80229092,-1.99700662,120.5716224,6908.245095,-,9.14E-13,-1.03E-13,1.25E-13,2.84E-13,-,0.08735704,-0.04866977,-0.56412794,-1.01254934,-,0.759489698,0.674129955,-,0.020597976,-,-0.020597975,0.020597976,-0.020597975,1.11E-09
1.99,-,0.04039833,-0.02946141,0.630103286,36.10225892,-0.37573695,-0.51522129,12.75352868,730.7233675,-9.8563342,0.28687583,111.5168814,6389.44665,-,9.16E-13,-1.09E-13,2.61E-13,3.47E-13,-,0.08079667,-0.05892282,-0.75147389,-1.03044259,-,0.85043591,0.871190609,-,0.02493726,-,-0.024937259,0.02493726,-0.024937259,1.11E-09
